timestamp,gpu_util_pct,torch_alloc_mb,torch_reserved_mb,sys_mem_used_mb,sys_mem_total_mb
2026-05-18T03:19:39+0000,0,0.0,0.0,4474,122479
2026-05-18T03:19:55+0000,67,0.0,0.0,8533,122479
2026-05-18T03:20:10+0000,96,0.0,0.0,8457,122479
2026-05-18T03:20:25+0000,89,0.0,0.0,8562,122479
2026-05-18T03:20:40+0000,95,0.0,0.0,8451,122479
2026-05-18T03:20:55+0000,96,0.0,0.0,8719,122479
2026-05-18T03:21:10+0000,96,0.0,0.0,8586,122479
2026-05-18T03:21:25+0000,96,0.0,0.0,8572,122479
2026-05-18T03:21:40+0000,96,0.0,0.0,8518,122479
2026-05-18T03:21:55+0000,33,0.0,0.0,8470,122479
2026-05-18T03:22:10+0000,53,0.0,0.0,8537,122479
2026-05-18T03:22:25+0000,95,0.0,0.0,8480,122479
2026-05-18T03:22:40+0000,96,0.0,0.0,8742,122479
2026-05-18T03:22:55+0000,96,0.0,0.0,8582,122479
2026-05-18T03:23:10+0000,0,0.0,0.0,8885,122479
2026-05-18T03:23:25+0000,94,0.0,0.0,8612,122479
2026-05-18T03:23:40+0000,68,0.0,0.0,8609,122479
2026-05-18T03:23:56+0000,0,0.0,0.0,8537,122479
2026-05-18T03:24:11+0000,0,0.0,0.0,8495,122479
2026-05-18T03:24:26+0000,96,0.0,0.0,9069,122479
2026-05-18T03:24:41+0000,96,0.0,0.0,8960,122479
2026-05-18T03:24:56+0000,96,0.0,0.0,9746,122479
2026-05-18T03:25:11+0000,96,0.0,0.0,9622,122479
2026-05-18T03:25:26+0000,0,0.0,0.0,9594,122479
2026-05-18T03:25:41+0000,96,0.0,0.0,8912,122479
2026-05-18T03:25:56+0000,38,0.0,0.0,8892,122479
2026-05-18T03:26:11+0000,66,0.0,0.0,8954,122479
2026-05-18T03:26:26+0000,96,0.0,0.0,8868,122479
2026-05-18T03:26:41+0000,60,0.0,0.0,9750,122479
2026-05-18T03:26:56+0000,96,0.0,0.0,9621,122479
2026-05-18T03:27:11+0000,0,0.0,0.0,9247,122479
2026-05-18T03:27:26+0000,60,0.0,0.0,8894,122479
2026-05-18T03:27:41+0000,96,0.0,0.0,8885,122479
2026-05-18T03:27:56+0000,95,0.0,0.0,8120,122479
2026-05-18T03:28:11+0000,0,0.0,0.0,8100,122479
2026-05-18T03:28:26+0000,68,0.0,0.0,9010,122479
2026-05-18T03:28:41+0000,88,0.0,0.0,8887,122479
2026-05-18T03:28:56+0000,0,0.0,0.0,9020,122479
2026-05-18T03:29:11+0000,1,0.0,0.0,8838,122479
2026-05-18T03:29:26+0000,96,0.0,0.0,8805,122479
2026-05-18T03:29:41+0000,96,0.0,0.0,9014,122479
2026-05-18T03:29:56+0000,17,0.0,0.0,9002,122479
2026-05-18T03:30:12+0000,27,0.0,0.0,9692,122479
2026-05-18T03:30:27+0000,96,0.0,0.0,9617,122479
2026-05-18T03:30:42+0000,96,0.0,0.0,9028,122479
2026-05-18T03:30:57+0000,79,0.0,0.0,8898,122479
2026-05-18T03:31:12+0000,0,0.0,0.0,9303,122479
2026-05-18T03:31:27+0000,95,0.0,0.0,8970,122479
2026-05-18T03:31:42+0000,96,0.0,0.0,8954,122479
2026-05-18T03:31:57+0000,0,0.0,0.0,9676,122479
2026-05-18T03:32:12+0000,35,0.0,0.0,9657,122479
2026-05-18T03:32:27+0000,10,0.0,0.0,9019,122479
2026-05-18T03:32:42+0000,0,0.0,0.0,8946,122479
2026-05-18T03:32:57+0000,96,0.0,0.0,9109,122479
2026-05-18T03:33:12+0000,96,0.0,0.0,8966,122479
2026-05-18T03:33:27+0000,96,0.0,0.0,9835,122479
2026-05-18T03:33:42+0000,16,0.0,0.0,9736,122479
2026-05-18T03:33:57+0000,67,0.0,0.0,9126,122479
2026-05-18T03:34:12+0000,32,0.0,0.0,8996,122479
2026-05-18T03:34:27+0000,31,0.0,0.0,9194,122479
2026-05-18T03:34:42+0000,0,0.0,0.0,9027,122479
2026-05-18T03:34:57+0000,0,0.0,0.0,9439,122479
2026-05-18T03:35:12+0000,0,0.0,0.0,9667,122479
2026-05-18T03:35:27+0000,0,0.0,0.0,9651,122479
2026-05-18T03:35:43+0000,96,0.0,0.0,8974,122479
2026-05-18T03:35:58+0000,96,0.0,0.0,8953,122479
2026-05-18T03:36:13+0000,0,0.0,0.0,9005,122479
2026-05-18T03:36:28+0000,95,0.0,0.0,8947,122479
2026-05-18T03:36:43+0000,96,0.0,0.0,15283,122479
2026-05-18T03:36:58+0000,96,0.0,0.0,27047,122479
2026-05-18T03:37:13+0000,96,0.0,0.0,40701,122479
2026-05-18T03:37:28+0000,16,0.0,0.0,16017,122479
2026-05-18T03:37:43+0000,96,0.0,0.0,16284,122479
2026-05-18T03:37:58+0000,96,0.0,0.0,34075,122479
2026-05-18T03:38:13+0000,38,0.0,0.0,31196,122479
2026-05-18T03:38:29+0000,96,0.0,0.0,42414,122479
2026-05-18T03:38:44+0000,0,0.0,0.0,44111,122479
2026-05-18T03:38:59+0000,73,0.0,0.0,14906,122479
2026-05-18T03:39:14+0000,96,0.0,0.0,35914,122479
2026-05-18T03:39:29+0000,96,0.0,0.0,27356,122479
2026-05-18T03:39:44+0000,96,0.0,0.0,17925,122479
2026-05-18T03:39:59+0000,96,0.0,0.0,34052,122479
2026-05-18T03:40:14+0000,96,0.0,0.0,34120,122479
2026-05-18T03:40:30+0000,96,0.0,0.0,15402,122479
2026-05-18T03:40:45+0000,96,0.0,0.0,34202,122479
2026-05-18T03:41:00+0000,96,0.0,0.0,20367,122479
2026-05-18T03:41:15+0000,96,0.0,0.0,34937,122479
2026-05-18T03:41:30+0000,96,0.0,0.0,34474,122479
2026-05-18T03:41:45+0000,96,0.0,0.0,15636,122479
2026-05-18T03:42:00+0000,96,0.0,0.0,15417,122479
2026-05-18T03:42:15+0000,96,0.0,0.0,25628,122479
2026-05-18T03:42:30+0000,7,0.0,0.0,23354,122479
2026-05-18T03:42:45+0000,96,0.0,0.0,16554,122479
2026-05-18T03:43:00+0000,96,0.0,0.0,34372,122479
2026-05-18T03:43:15+0000,96,0.0,0.0,35022,122479
2026-05-18T03:43:30+0000,96,0.0,0.0,16704,122479
2026-05-18T03:43:46+0000,96,0.0,0.0,34371,122479
2026-05-18T03:44:01+0000,96,0.0,0.0,34396,122479
2026-05-18T03:44:16+0000,96,0.0,0.0,20034,122479
2026-05-18T03:44:31+0000,94,0.0,0.0,35134,122479
2026-05-18T03:44:46+0000,96,0.0,0.0,35034,122479
2026-05-18T03:45:01+0000,96,0.0,0.0,15139,122479
2026-05-18T03:45:16+0000,96,0.0,0.0,14996,122479
2026-05-18T03:45:31+0000,96,0.0,0.0,30371,122479
2026-05-18T03:45:46+0000,96,0.0,0.0,30392,122479
2026-05-18T03:46:01+0000,96,0.0,0.0,23950,122479
2026-05-18T03:46:17+0000,96,0.0,0.0,17571,122479
2026-05-18T03:46:32+0000,19,0.0,0.0,24367,122479
2026-05-18T03:46:47+0000,96,0.0,0.0,29676,122479
2026-05-18T03:47:02+0000,95,0.0,0.0,15513,122479
2026-05-18T03:47:17+0000,96,0.0,0.0,30378,122479
2026-05-18T03:47:33+0000,96,0.0,0.0,25112,122479
2026-05-18T03:47:48+0000,96,0.0,0.0,16512,122479
2026-05-18T03:48:03+0000,96,0.0,0.0,34952,122479
2026-05-18T03:48:18+0000,96,0.0,0.0,35056,122479
2026-05-18T03:48:34+0000,96,0.0,0.0,15521,122479
2026-05-18T03:48:49+0000,96,0.0,0.0,34257,122479
2026-05-18T03:49:04+0000,96,0.0,0.0,27689,122479
2026-05-18T03:49:19+0000,38,0.0,0.0,14193,122479
2026-05-18T03:49:35+0000,96,0.0,0.0,34314,122479
2026-05-18T03:49:50+0000,96,0.0,0.0,17529,122479
2026-05-18T03:50:05+0000,96,0.0,0.0,34365,122479
2026-05-18T03:50:20+0000,96,0.0,0.0,34371,122479
2026-05-18T03:50:35+0000,96,0.0,0.0,15793,122479
2026-05-18T03:50:50+0000,96,0.0,0.0,34769,122479
2026-05-18T03:51:05+0000,96,0.0,0.0,15613,122479
2026-05-18T03:51:20+0000,96,0.0,0.0,34840,122479
2026-05-18T03:51:35+0000,96,0.0,0.0,14202,122479
2026-05-18T03:51:50+0000,57,0.0,0.0,10603,122479
2026-05-18T03:52:05+0000,96,0.0,0.0,25710,122479
2026-05-18T03:52:20+0000,26,0.0,0.0,12769,122479
2026-05-18T03:52:35+0000,96,0.0,0.0,13352,122479
2026-05-18T03:52:51+0000,96,0.0,0.0,13092,122479
2026-05-18T03:53:06+0000,96,0.0,0.0,24867,122479
2026-05-18T03:53:21+0000,35,0.0,0.0,11899,122479
2026-05-18T03:53:36+0000,0,0.0,0.0,23842,122479
2026-05-18T03:53:51+0000,96,0.0,0.0,15200,122479
2026-05-18T03:54:06+0000,96,0.0,0.0,38173,122479
2026-05-18T03:54:21+0000,96,0.0,0.0,34931,122479
2026-05-18T03:54:36+0000,96,0.0,0.0,19115,122479
2026-05-18T03:54:51+0000,96,0.0,0.0,17568,122479
2026-05-18T03:55:06+0000,22,0.0,0.0,13623,122479
2026-05-18T03:55:21+0000,0,0.0,0.0,48616,122479
2026-05-18T03:55:37+0000,96,0.0,0.0,22320,122479
2026-05-18T03:55:52+0000,65,0.0,0.0,36649,122479
2026-05-18T03:56:08+0000,0,0.0,0.0,31128,122479
2026-05-18T03:56:23+0000,96,0.0,0.0,21317,122479
2026-05-18T03:56:38+0000,96,0.0,0.0,54978,122479
2026-05-18T03:56:53+0000,96,0.0,0.0,25224,122479
2026-05-18T03:57:08+0000,96,0.0,0.0,56604,122479
2026-05-18T03:57:23+0000,96,0.0,0.0,57601,122479
2026-05-18T03:57:38+0000,96,0.0,0.0,24089,122479
2026-05-18T03:57:53+0000,96,0.0,0.0,34367,122479
2026-05-18T03:58:08+0000,96,0.0,0.0,23063,122479
2026-05-18T03:58:23+0000,96,0.0,0.0,36059,122479
2026-05-18T03:58:38+0000,96,0.0,0.0,30832,122479
2026-05-18T03:58:53+0000,96,0.0,0.0,51955,122479
2026-05-18T03:59:08+0000,96,0.0,0.0,21696,122479
2026-05-18T03:59:23+0000,96,0.0,0.0,55865,122479
2026-05-18T03:59:38+0000,96,0.0,0.0,25561,122479
2026-05-18T03:59:54+0000,96,0.0,0.0,57443,122479
2026-05-18T04:00:09+0000,96,0.0,0.0,25881,122479
2026-05-18T04:00:24+0000,96,0.0,0.0,58282,122479
2026-05-18T04:00:39+0000,96,0.0,0.0,26393,122479
2026-05-18T04:00:54+0000,96,0.0,0.0,60033,122479
2026-05-18T04:01:09+0000,96,0.0,0.0,26737,122479
2026-05-18T04:01:24+0000,96,0.0,0.0,60858,122479
2026-05-18T04:01:39+0000,96,0.0,0.0,27551,122479
2026-05-18T04:01:54+0000,0,0.0,0.0,63425,122479
2026-05-18T04:02:09+0000,96,0.0,0.0,48948,122479
2026-05-18T04:02:24+0000,96,0.0,0.0,25567,122479
2026-05-18T04:02:39+0000,96,0.0,0.0,64587,122479
2026-05-18T04:02:54+0000,96,0.0,0.0,28474,122479
2026-05-18T04:03:09+0000,96,0.0,0.0,66138,122479
2026-05-18T04:03:24+0000,96,0.0,0.0,24908,122479
2026-05-18T04:03:39+0000,96,0.0,0.0,39441,122479
2026-05-18T04:03:55+0000,96,0.0,0.0,24061,122479
2026-05-18T04:04:10+0000,96,0.0,0.0,66197,122479
2026-05-18T04:04:25+0000,96,0.0,0.0,64965,122479
2026-05-18T04:04:40+0000,96,0.0,0.0,27411,122479
2026-05-18T04:04:55+0000,96,0.0,0.0,32183,122479
2026-05-18T04:05:10+0000,96,0.0,0.0,48059,122479
2026-05-18T04:05:25+0000,96,0.0,0.0,28772,122479
2026-05-18T04:05:40+0000,96,0.0,0.0,33679,122479
2026-05-18T04:05:55+0000,3,0.0,0.0,50205,122479
2026-05-18T04:06:10+0000,96,0.0,0.0,58828,122479
2026-05-18T04:06:27+0000,96,0.0,0.0,79449,122479
2026-05-18T04:06:42+0000,2,0.0,0.0,49846,122479
2026-05-18T04:06:57+0000,57,0.0,0.0,17925,122479
2026-05-18T04:07:12+0000,96,0.0,0.0,79190,122479
2026-05-18T04:07:27+0000,2,0.0,0.0,79685,122479
2026-05-18T04:07:42+0000,0,0.0,0.0,55138,122479
2026-05-18T04:07:57+0000,96,0.0,0.0,32708,122479
2026-05-18T04:08:13+0000,96,0.0,0.0,71326,122479
2026-05-18T04:08:28+0000,4,0.0,0.0,50820,122479
2026-05-18T04:08:43+0000,70,0.0,0.0,23842,122479
2026-05-18T04:08:58+0000,96,0.0,0.0,33387,122479
2026-05-18T04:09:13+0000,96,0.0,0.0,73067,122479
2026-05-18T04:09:28+0000,3,0.0,0.0,52259,122479
2026-05-18T04:09:43+0000,96,0.0,0.0,29973,122479
2026-05-18T04:09:58+0000,96,0.0,0.0,34267,122479
2026-05-18T04:10:13+0000,96,0.0,0.0,74297,122479
2026-05-18T04:10:28+0000,96,0.0,0.0,30722,122479
2026-05-18T04:10:43+0000,96,0.0,0.0,34816,122479
2026-05-18T04:10:59+0000,96,0.0,0.0,75396,122479
2026-05-18T04:11:14+0000,8,0.0,0.0,31597,122479
2026-05-18T04:11:29+0000,96,0.0,0.0,30004,122479
2026-05-18T04:11:44+0000,96,0.0,0.0,77490,122479
2026-05-18T04:11:59+0000,3,0.0,0.0,54789,122479
2026-05-18T04:12:14+0000,96,0.0,0.0,28180,122479
2026-05-18T04:12:29+0000,96,0.0,0.0,62661,122479
2026-05-18T04:12:46+0000,3,0.0,0.0,86148,122479
2026-05-18T04:13:01+0000,38,0.0,0.0,18973,122479
2026-05-18T04:13:16+0000,96,0.0,0.0,29371,122479
2026-05-18T04:13:31+0000,96,0.0,0.0,87888,122479
2026-05-18T04:13:46+0000,96,0.0,0.0,28545,122479
2026-05-18T04:14:01+0000,96,0.0,0.0,63578,122479
2026-05-18T04:14:17+0000,14,0.0,0.0,57929,122479
2026-05-18T04:14:32+0000,96,0.0,0.0,29591,122479
2026-05-18T04:14:47+0000,2,0.0,0.0,42877,122479
2026-05-18T04:15:02+0000,96,0.0,0.0,28819,122479
2026-05-18T04:15:17+0000,96,0.0,0.0,34671,122479
2026-05-18T04:15:33+0000,96,0.0,0.0,28399,122479
2026-05-18T04:15:48+0000,96,0.0,0.0,40325,122479
2026-05-18T04:16:03+0000,96,0.0,0.0,28358,122479
2026-05-18T04:16:18+0000,96,0.0,0.0,63819,122479
2026-05-18T04:16:34+0000,96,0.0,0.0,28499,122479
2026-05-18T04:16:50+0000,96,0.0,0.0,87733,122479
2026-05-18T04:17:06+0000,96,0.0,0.0,28457,122479
2026-05-18T04:17:21+0000,96,0.0,0.0,88649,122479
2026-05-18T04:17:36+0000,96,0.0,0.0,28400,122479
2026-05-18T04:17:52+0000,96,0.0,0.0,89858,122479
2026-05-18T04:18:07+0000,96,0.0,0.0,28437,122479
2026-05-18T04:18:22+0000,96,0.0,0.0,89904,122479
2026-05-18T04:18:37+0000,96,0.0,0.0,28358,122479
2026-05-18T04:18:52+0000,96,0.0,0.0,89809,122479
2026-05-18T04:19:07+0000,96,0.0,0.0,28537,122479
2026-05-18T04:19:22+0000,96,0.0,0.0,89925,122479
2026-05-18T04:19:37+0000,96,0.0,0.0,28317,122479
2026-05-18T04:19:52+0000,96,0.0,0.0,89792,122479
2026-05-18T04:20:07+0000,96,0.0,0.0,28582,122479
2026-05-18T04:20:22+0000,96,0.0,0.0,90001,122479
2026-05-18T04:20:37+0000,96,0.0,0.0,28533,122479
2026-05-18T04:20:52+0000,0,0.0,0.0,90348,122479
2026-05-18T04:21:07+0000,96,0.0,0.0,28619,122479
2026-05-18T04:21:23+0000,11,0.0,0.0,61043,122479
2026-05-18T04:21:38+0000,96,0.0,0.0,28207,122479
2026-05-18T04:21:53+0000,63,0.0,0.0,19382,122479
2026-05-18T04:22:08+0000,96,0.0,0.0,28031,122479
2026-05-18T04:22:23+0000,96,0.0,0.0,27570,122479
2026-05-18T04:22:38+0000,96,0.0,0.0,61187,122479
2026-05-18T04:22:54+0000,96,0.0,0.0,27491,122479
2026-05-18T04:23:10+0000,96,0.0,0.0,83667,122479
2026-05-18T04:23:25+0000,96,0.0,0.0,31547,122479
2026-05-18T04:23:40+0000,96,0.0,0.0,89058,122479
2026-05-18T04:23:55+0000,96,0.0,0.0,59861,122479
2026-05-18T04:24:10+0000,96,0.0,0.0,81597,122479
2026-05-18T04:24:25+0000,0,0.0,0.0,82025,122479
2026-05-18T04:24:40+0000,96,0.0,0.0,81449,122479
2026-05-18T04:24:55+0000,4,0.0,0.0,81885,122479
2026-05-18T04:25:10+0000,0,0.0,0.0,56039,122479
2026-05-18T04:25:26+0000,96,0.0,0.0,33169,122479
2026-05-18T04:25:41+0000,96,0.0,0.0,72117,122479
2026-05-18T04:25:56+0000,3,0.0,0.0,51309,122479
2026-05-18T04:26:11+0000,96,0.0,0.0,31699,122479
2026-05-18T04:26:26+0000,96,0.0,0.0,34136,122479
2026-05-18T04:26:41+0000,96,0.0,0.0,71503,122479
2026-05-18T04:26:56+0000,96,0.0,0.0,58679,122479
2026-05-18T04:27:12+0000,96,0.0,0.0,79753,122479
2026-05-18T04:27:28+0000,96,0.0,0.0,78440,122479
2026-05-18T04:27:43+0000,4,0.0,0.0,78853,122479
2026-05-18T04:27:58+0000,96,0.0,0.0,26376,122479
2026-05-18T04:28:13+0000,96,0.0,0.0,78874,122479
2026-05-18T04:28:28+0000,4,0.0,0.0,79712,122479
2026-05-18T04:28:43+0000,96,0.0,0.0,58118,122479
2026-05-18T04:28:58+0000,96,0.0,0.0,79329,122479
2026-05-18T04:29:13+0000,13,0.0,0.0,30417,122479
2026-05-18T04:29:28+0000,96,0.0,0.0,81315,122479
2026-05-18T04:29:43+0000,96,0.0,0.0,26157,122479
2026-05-18T04:29:58+0000,96,0.0,0.0,79518,122479
2026-05-18T04:30:13+0000,4,0.0,0.0,80496,122479
2026-05-18T04:30:28+0000,96,0.0,0.0,37176,122479
2026-05-18T04:30:44+0000,96,0.0,0.0,80346,122479
2026-05-18T04:30:59+0000,4,0.0,0.0,82071,122479
2026-05-18T04:31:14+0000,96,0.0,0.0,80365,122479
2026-05-18T04:31:30+0000,4,0.0,0.0,80682,122479
2026-05-18T04:31:45+0000,96,0.0,0.0,26324,122479
2026-05-18T04:32:00+0000,96,0.0,0.0,80352,122479
2026-05-18T04:32:15+0000,4,0.0,0.0,81266,122479
2026-05-18T04:32:30+0000,96,0.0,0.0,26282,122479
2026-05-18T04:32:45+0000,96,0.0,0.0,80338,122479
2026-05-18T04:33:00+0000,3,0.0,0.0,81668,122479
2026-05-18T04:33:15+0000,96,0.0,0.0,58775,122479
2026-05-18T04:33:32+0000,96,0.0,0.0,80389,122479
2026-05-18T04:33:47+0000,0,0.0,0.0,82500,122479
2026-05-18T04:34:02+0000,96,0.0,0.0,80542,122479
2026-05-18T04:34:17+0000,3,0.0,0.0,80920,122479
2026-05-18T04:34:32+0000,86,0.0,0.0,26375,122479
2026-05-18T04:34:47+0000,96,0.0,0.0,80384,122479
2026-05-18T04:35:02+0000,3,0.0,0.0,81059,122479
2026-05-18T04:35:17+0000,96,0.0,0.0,26343,122479
2026-05-18T04:35:32+0000,96,0.0,0.0,80448,122479
2026-05-18T04:35:47+0000,4,0.0,0.0,81398,122479
2026-05-18T04:36:02+0000,96,0.0,0.0,37149,122479
2026-05-18T04:36:18+0000,96,0.0,0.0,80326,122479
2026-05-18T04:36:33+0000,4,0.0,0.0,82040,122479
2026-05-18T04:36:48+0000,96,0.0,0.0,80489,122479
2026-05-18T04:37:03+0000,4,0.0,0.0,80627,122479
2026-05-18T04:37:18+0000,96,0.0,0.0,26375,122479
2026-05-18T04:37:33+0000,96,0.0,0.0,80461,122479
2026-05-18T04:37:48+0000,4,0.0,0.0,81188,122479
2026-05-18T04:38:03+0000,96,0.0,0.0,26827,122479
2026-05-18T04:38:18+0000,96,0.0,0.0,80803,122479
2026-05-18T04:38:33+0000,4,0.0,0.0,81793,122479
2026-05-18T04:38:48+0000,96,0.0,0.0,58877,122479
2026-05-18T04:39:04+0000,96,0.0,0.0,80447,122479
2026-05-18T04:39:19+0000,1,0.0,0.0,77551,122479
2026-05-18T04:39:34+0000,96,0.0,0.0,80353,122479
2026-05-18T04:39:49+0000,3,0.0,0.0,80797,122479
2026-05-18T04:40:04+0000,96,0.0,0.0,26317,122479
2026-05-18T04:40:19+0000,96,0.0,0.0,80372,122479
2026-05-18T04:40:34+0000,3,0.0,0.0,81038,122479
2026-05-18T04:40:49+0000,96,0.0,0.0,26265,122479
2026-05-18T04:41:04+0000,96,0.0,0.0,80271,122479
2026-05-18T04:41:19+0000,3,0.0,0.0,81184,122479
2026-05-18T04:41:34+0000,96,0.0,0.0,26277,122479
2026-05-18T04:41:49+0000,96,0.0,0.0,80346,122479
2026-05-18T04:42:04+0000,3,0.0,0.0,81511,122479
2026-05-18T04:42:19+0000,96,0.0,0.0,37144,122479
2026-05-18T04:42:35+0000,96,0.0,0.0,80354,122479
2026-05-18T04:42:50+0000,3,0.0,0.0,81868,122479
2026-05-18T04:43:05+0000,96,0.0,0.0,80388,122479
2026-05-18T04:43:22+0000,3,0.0,0.0,80556,122479
2026-05-18T04:43:37+0000,0,0.0,0.0,79564,122479
2026-05-18T04:43:52+0000,96,0.0,0.0,80359,122479
2026-05-18T04:44:07+0000,3,0.0,0.0,80771,122479
2026-05-18T04:44:22+0000,96,0.0,0.0,26359,122479
2026-05-18T04:44:37+0000,96,0.0,0.0,80473,122479
2026-05-18T04:44:52+0000,3,0.0,0.0,81090,122479
2026-05-18T04:45:07+0000,96,0.0,0.0,26310,122479
2026-05-18T04:45:22+0000,96,0.0,0.0,80349,122479
2026-05-18T04:45:37+0000,3,0.0,0.0,81320,122479
2026-05-18T04:45:52+0000,96,0.0,0.0,26329,122479
2026-05-18T04:46:07+0000,96,0.0,0.0,80436,122479
2026-05-18T04:46:22+0000,4,0.0,0.0,81740,122479
2026-05-18T04:46:38+0000,96,0.0,0.0,58714,122479
2026-05-18T04:46:53+0000,96,0.0,0.0,80331,122479
2026-05-18T04:47:08+0000,0,0.0,0.0,82238,122479
2026-05-18T04:47:23+0000,96,0.0,0.0,80403,122479
2026-05-18T04:47:38+0000,4,0.0,0.0,80816,122479
2026-05-18T04:47:53+0000,96,0.0,0.0,26306,122479
2026-05-18T04:48:08+0000,96,0.0,0.0,80453,122479
2026-05-18T04:48:23+0000,4,0.0,0.0,81431,122479
2026-05-18T04:48:38+0000,96,0.0,0.0,37155,122479
2026-05-18T04:48:54+0000,96,0.0,0.0,80372,122479
2026-05-18T04:49:09+0000,4,0.0,0.0,82062,122479
2026-05-18T04:49:24+0000,96,0.0,0.0,80842,122479
2026-05-18T04:49:39+0000,4,0.0,0.0,80884,122479
2026-05-18T04:49:54+0000,96,0.0,0.0,26603,122479
2026-05-18T04:50:09+0000,96,0.0,0.0,80580,122479
2026-05-18T04:50:24+0000,4,0.0,0.0,81365,122479
2026-05-18T04:50:39+0000,96,0.0,0.0,26523,122479
2026-05-18T04:50:54+0000,96,0.0,0.0,81389,122479
2026-05-18T04:51:10+0000,4,0.0,0.0,82628,122479
2026-05-18T04:51:25+0000,96,0.0,0.0,37822,122479
2026-05-18T04:51:40+0000,96,0.0,0.0,81628,122479
2026-05-18T04:51:55+0000,2,0.0,0.0,82946,122479
2026-05-18T04:52:10+0000,96,0.0,0.0,59509,122479
2026-05-18T04:52:25+0000,96,0.0,0.0,81329,122479
2026-05-18T04:52:40+0000,4,0.0,0.0,83221,122479
2026-05-18T04:52:55+0000,96,0.0,0.0,81904,122479
2026-05-18T04:53:11+0000,4,0.0,0.0,81838,122479
2026-05-18T04:53:26+0000,96,0.0,0.0,27253,122479
2026-05-18T04:53:41+0000,96,0.0,0.0,38500,122479
2026-05-18T04:53:56+0000,0,0.0,0.0,61699,122479
2026-05-18T04:54:11+0000,96,0.0,0.0,30227,122479
2026-05-18T04:54:26+0000,96,0.0,0.0,42070,122479
2026-05-18T04:54:41+0000,11,0.0,0.0,13149,122479
2026-05-18T04:54:57+0000,96,0.0,0.0,32095,122479
2026-05-18T04:55:12+0000,96,0.0,0.0,94238,122479
2026-05-18T04:55:27+0000,96,0.0,0.0,57787,122479
2026-05-18T04:55:42+0000,96,0.0,0.0,32795,122479
2026-05-18T04:55:57+0000,96,0.0,0.0,39343,122479
2026-05-18T04:56:12+0000,96,0.0,0.0,60506,122479
2026-05-18T04:56:27+0000,96,0.0,0.0,31409,122479
2026-05-18T04:56:42+0000,96,0.0,0.0,71158,122479
2026-05-18T04:56:58+0000,96,0.0,0.0,30611,122479
2026-05-18T04:57:13+0000,96,0.0,0.0,37266,122479
2026-05-18T04:57:28+0000,96,0.0,0.0,31081,122479
2026-05-18T04:57:44+0000,96,0.0,0.0,31035,122479
2026-05-18T04:57:59+0000,73,0.0,0.0,30977,122479
2026-05-18T04:58:14+0000,96,0.0,0.0,30938,122479
2026-05-18T04:58:29+0000,0,0.0,0.0,100402,122479
2026-05-18T04:58:44+0000,96,0.0,0.0,31231,122479
2026-05-18T04:58:59+0000,96,0.0,0.0,100086,122479
2026-05-18T04:59:14+0000,96,0.0,0.0,31358,122479
2026-05-18T04:59:29+0000,96,0.0,0.0,97654,122479
2026-05-18T04:59:44+0000,96,0.0,0.0,31143,122479
2026-05-18T04:59:59+0000,96,0.0,0.0,97469,122479
2026-05-18T05:00:17+0000,96,0.0,0.0,31135,122479
2026-05-18T05:00:32+0000,96,0.0,0.0,70914,122479
2026-05-18T05:00:47+0000,96,0.0,0.0,31317,122479
2026-05-18T05:01:02+0000,96,0.0,0.0,71070,122479
2026-05-18T05:01:19+0000,96,0.0,0.0,32582,122479
2026-05-18T05:01:34+0000,96,0.0,0.0,32575,122479
2026-05-18T05:01:49+0000,96,0.0,0.0,97424,122479
2026-05-18T05:02:04+0000,96,0.0,0.0,30883,122479
2026-05-18T05:02:19+0000,96,0.0,0.0,43382,122479
2026-05-18T05:02:34+0000,0,0.0,0.0,24505,122479
2026-05-18T05:02:49+0000,96,0.0,0.0,31377,122479
2026-05-18T05:03:05+0000,96,0.0,0.0,98661,122479
2026-05-18T05:03:20+0000,42,0.0,0.0,13566,122479
2026-05-18T05:03:35+0000,96,0.0,0.0,31497,122479
2026-05-18T05:03:50+0000,96,0.0,0.0,37649,122479
2026-05-18T05:04:05+0000,96,0.0,0.0,57812,122479
2026-05-18T05:04:20+0000,96,0.0,0.0,31423,122479
2026-05-18T05:04:35+0000,96,0.0,0.0,37215,122479
2026-05-18T05:04:50+0000,96,0.0,0.0,81167,122479
2026-05-18T05:05:05+0000,96,0.0,0.0,29383,122479
2026-05-18T05:05:20+0000,96,0.0,0.0,88504,122479
2026-05-18T05:05:36+0000,96,0.0,0.0,28042,122479
2026-05-18T05:05:51+0000,96,0.0,0.0,86287,122479
2026-05-18T05:06:06+0000,96,0.0,0.0,25718,122479
2026-05-18T05:06:21+0000,96,0.0,0.0,81737,122479
2026-05-18T05:06:36+0000,3,0.0,0.0,45803,122479
2026-05-18T05:06:51+0000,96,0.0,0.0,22649,122479
2026-05-18T05:07:06+0000,0,0.0,0.0,30424,122479
2026-05-18T05:07:22+0000,0,0.0,0.0,9132,122479
2026-05-18T05:07:37+0000,0,0.0,0.0,8953,122479
2026-05-18T05:07:52+0000,0,0.0,0.0,9817,122479
2026-05-18T05:08:07+0000,0,0.0,0.0,8703,122479
2026-05-18T05:08:22+0000,0,0.0,0.0,8702,122479
2026-05-18T05:08:37+0000,0,0.0,0.0,8730,122479
2026-05-18T05:08:52+0000,0,0.0,0.0,8718,122479
2026-05-18T05:09:07+0000,0,0.0,0.0,8707,122479
2026-05-18T05:09:22+0000,0,0.0,0.0,8700,122479
2026-05-18T05:09:37+0000,0,0.0,0.0,8696,122479
2026-05-18T05:09:52+0000,0,0.0,0.0,7609,122479
